arquivo,instancia,itens,capacidade,melhor_conhecida,best_fit,bfd_repack,excesso_bf,excesso_bfd_repack
data/binpack1.txt,u120_00,120,150,48,50,49,2,1
data/binpack1.txt,u120_01,120,150,49,51,49,2,0
data/binpack1.txt,u120_02,120,150,46,48,47,2,1
data/binpack1.txt,u120_03,120,150,49,53,50,4,1
data/binpack1.txt,u120_04,120,150,50,52,50,2,0
data/binpack1.txt,u120_05,120,150,48,52,49,4,1
data/binpack1.txt,u120_06,120,150,48,52,49,4,1
data/binpack1.txt,u120_07,120,150,49,52,50,3,1
data/binpack1.txt,u120_08,120,150,51,53,51,2,0
data/binpack1.txt,u120_09,120,150,46,48,47,2,1
data/binpack2.txt,u250_00,250,150,99,105,100,6,1
data/binpack2.txt,u250_01,250,150,100,108,101,8,1
data/binpack2.txt,u250_02,250,150,102,109,104,7,2
data/binpack2.txt,u250_03,250,150,100,106,101,6,1
data/binpack2.txt,u250_04,250,150,101,107,102,6,1
data/binpack2.txt,u250_05,250,150,101,107,104,6,3
data/binpack2.txt,u250_06,250,150,102,107,103,5,1
data/binpack2.txt,u250_07,250,150,104,109,105,5,1
data/binpack2.txt,u250_08,250,150,105,111,107,6,2
data/binpack2.txt,u250_09,250,150,101,108,102,7,1
